﻿<?xml version="1.0" encoding="UTF-8" standalone="yes"?>
<addon id="plugin.video.mc"
       name="xbmcTR Mc 3"
       version="0.1.3"
       provider-name="xbmcTR TEAM">
    <requires>
		<import addon="xbmc.python" version="1.0"/>
		<import addon="script.module.beautifulsoup" version="3.0.8"/>
		<import addon="script.module.simplejson" />
		<import addon="script.module.mechanize" version="0.2.5"/> 
	</requires>
  <extension point="xbmc.python.pluginsource"
            library="default.py">
        <provides>video</provides>
  </extension>
  <extension point="xbmc.addon.metadata">
    <summary>Beta surum sadece v.i.p. uyelere aciktir.Bircok bolum calismayabilir.Cok az kaldi,yakinda sizlerle</summary>
    <description>lutfen deneyerek hatalari forumda yaziniz.</description>
    <platform>all</platform>
  </extension>
</addon>